Workbook

Sheet DSA Checklist
A1: S.No | B1: Topic | C1: Problem Name | D1: Completed | E1: Revision Count | F1: Revisit | G1: Solve on LeetCode | H1: Solve on GfG | I1: Notes
A2: 1 | B2: Arrays | C2: Majority Element-I | D2: No | E2: 0 | F2: No | G2: =HYPERLINK("https://leetcode.com/search/?q="&SUBSTITUTE(C2," ","%20"),"Search LeetCode") -> Search LeetCode | H2: =HYPERLINK("https://www.google.com/search?q=site:geeksforgeeks.org+"&SUBSTITUTE(C2," ","+"),"Search GfG") -> Search GfG
A3: 2 | B3: Arrays | C3: Leaders in an Array | D3: No | E3: 0 | F3: No | G3: =HYPERLINK("https://leetcode.com/search/?q="&SUBSTITUTE(C3," ","%20"),"Search LeetCode") -> Search LeetCode | H3: =HYPERLINK("https://www.google.com/search?q=site:geeksforgeeks.org+"&SUBSTITUTE(C3," ","+"),"Search GfG") -> Search GfG
A4: 3 | B4: Arrays | C4: Rearrange array elements by sign | D4: No | E4: 0 | F4: No | G4: =HYPERLINK("https://leetcode.com/search/?q="&SUBSTITUTE(C4," ","%20"),"Search LeetCode") -> Search LeetCode | H4: =HYPERLINK("https://www.google.com/search?q=site:geeksforgeeks.org+"&SUBSTITUTE(C4," ","+"),"Search GfG") -> Search GfG
A5: 4 | B5: Arrays | C5: Print the matrix in spiral manner | D5: No | E5: 0 | F5: No | G5: =HYPERLINK("https://leetcode.com/search/?q="&SUBSTITUTE(C5," ","%20"),"Search LeetCode") -> Search LeetCode | H5: =HYPERLINK("https://www.google.com/search?q=site:geeksforgeeks.org+"&SUBSTITUTE(C5," ","+"),"Search GfG") -> Search GfG
A6: 5 | B6: Arrays | C6: Pascal's Triangle I | D6: No | E6: 0 | F6: No | G6: =HYPERLINK("https://leetcode.com/search/?q="&SUBSTITUTE(C6," ","%20"),"Search LeetCode") -> Search LeetCode | H6: =HYPERLINK("https://www.google.com/search?q=site:geeksforgeeks.org+"&SUBSTITUTE(C6," ","+"),"Search GfG") -> Search GfG
A7: 6 | B7: Arrays | C7: Pascal's Triangle II | D7: No | E7: 0 | F7: No | G7: =HYPERLINK("https://leetcode.com/search/?q="&SUBSTITUTE(C7," ","%20"),"Search LeetCode") -> Search LeetCode | H7: =HYPERLINK("https://www.google.com/search?q=site:geeksforgeeks.org+"&SUBSTITUTE(C7," ","+"),"Search GfG") -> Search GfG
A8: 7 | B8: Arrays | C8: Pascal's Triangle III | D8: No | E8: 0 | F8: No | G8: =HYPERLINK("https://leetcode.com/search/?q="&SUBSTITUTE(C8," ","%20"),"Search LeetCode") -> Search LeetCode | H8: =HYPERLINK("https://www.google.com/search?q=site:geeksforgeeks.org+"&SUBSTITUTE(C8," ","+"),"Search GfG") -> Search GfG
A9: 8 | B9: Arrays | C9: Rotate matrix by 90 degrees | D9: No | E9: 0 | F9: No | G9: =HYPERLINK("https://leetcode.com/search/?q="&SUBSTITUTE(C9," ","%20"),"Search LeetCode") -> Search LeetCode | H9: =HYPERLINK("https://www.google.com/search?q=site:geeksforgeeks.org+"&SUBSTITUTE(C9," ","+"),"Search GfG") -> Search GfG
A10: 9 | B10: Arrays | C10: Two Sum | D10: No | E10: 0 | F10: No | G10: =HYPERLINK("https://leetcode.com/search/?q="&SUBSTITUTE(C10," ","%20"),"Search LeetCode") -> Search LeetCode | H10: =HYPERLINK("https://www.google.com/search?q=site:geeksforgeeks.org+"&SUBSTITUTE(C10," ","+"),"Search GfG") -> Search GfG
A11: 10 | B11: Arrays | C11: 3 Sum | D11: No | E11: 0 | F11: No | G11: =HYPERLINK("https://leetcode.com/search/?q="&SUBSTITUTE(C11," ","%20"),"Search LeetCode") -> Search LeetCode | H11: =HYPERLINK("https://www.google.com/search?q=site:geeksforgeeks.org+"&SUBSTITUTE(C11," ","+"),"Search GfG") -> Search GfG
A12: 11 | B12: Arrays | C12: 4 Sum | D12: No | E12: 0 | F12: No | G12: =HYPERLINK("https://leetcode.com/search/?q="&SUBSTITUTE(C12," ","%20"),"Search LeetCode") -> Search LeetCode | H12: =HYPERLINK("https://www.google.com/search?q=site:geeksforgeeks.org+"&SUBSTITUTE(C12," ","+"),"Search GfG") -> Search GfG
A13: 12 | B13: Arrays | C13: Sort an array of 0's 1's and 2's | D13: No | E13: 0 | F13: No | G13: =HYPERLINK("https://leetcode.com/search/?q="&SUBSTITUTE(C13," ","%20"),"Search LeetCode") -> Search LeetCode | H13: =HYPERLINK("https://www.google.com/search?q=site:geeksforgeeks.org+"&SUBSTITUTE(C13," ","+"),"Search GfG") -> Search GfG
... A327: 326 | B327: Maths | C327: Count primes in range L to R | D327: No | E327: 0 | F327: No | G327: =HYPERLINK("https://leetcode.com/search/?q="&SUBSTITUTE(C327," ","%20"),"Search LeetCode") -> Search LeetCode | H327: =HYPERLINK("https://www.google.com/search?q=site:geeksforgeeks.org+"&SUBSTITUTE(C327," ","+"),"Search GfG") -> Search GfG

Sheet Progress Dashboard
A1: TUF+ DSA Checklist — Progress Dashboard
A2: Auto-updates from the 'DSA Checklist' sheet
A4: Topic | B4: Total Problems | C4: Completed | D4: % Complete | E4: Marked for Revisit
A5: Arrays | B5: =COUNTIF('DSA Checklist'!B2:B25,A5) -> 24 | C5: =COUNTIFS('DSA Checklist'!B2:B25,A5,'DSA Checklist'!D2:D25,"Yes") -> 0 | D5: =IFERROR(C5/B5,0) -> 0 | E5: =COUNTIFS('DSA Checklist'!B2:B25,A5,'DSA Checklist'!F2:F25,"Yes") -> 0
A6: Binary Search | B6: =COUNTIF('DSA Checklist'!B26:B53,A6) -> 28 | C6: =COUNTIFS('DSA Checklist'!B26:B53,A6,'DSA Checklist'!D26:D53,"Yes") -> 0 | D6: =IFERROR(C6/B6,0) -> 0 | E6: =COUNTIFS('DSA Checklist'!B26:B53,A6,'DSA Checklist'!F26:F53,"Yes") -> 0
A7: Recursion | B7: =COUNTIF('DSA Checklist'!B54:B70,A7) -> 17 | C7: =COUNTIFS('DSA Checklist'!B54:B70,A7,'DSA Checklist'!D54:D70,"Yes") -> 0 | D7: =IFERROR(C7/B7,0) -> 0 | E7: =COUNTIFS('DSA Checklist'!B54:B70,A7,'DSA Checklist'!F54:F70,"Yes") -> 0
A8: Linked List | B8: =COUNTIF('DSA Checklist'!B71:B114,A8) -> 44 | C8: =COUNTIFS('DSA Checklist'!B71:B114,A8,'DSA Checklist'!D71:D114,"Yes") -> 0 | D8: =IFERROR(C8/B8,0) -> 0 | E8: =COUNTIFS('DSA Checklist'!B71:B114,A8,'DSA Checklist'!F71:F114,"Yes") -> 0
A9: Bit Manipulation | B9: =COUNTIF('DSA Checklist'!B115:B122,A9) -> 8 | C9: =COUNTIFS('DSA Checklist'!B115:B122,A9,'DSA Checklist'!D115:D122,"Yes") -> 0 | D9: =IFERROR(C9/B9,0) -> 0 | E9: =COUNTIFS('DSA Checklist'!B115:B122,A9,'DSA Checklist'!F115:F122,"Yes") -> 0
A10: Greedy | B10: =COUNTIF('DSA Checklist'!B123:B133,A10) -> 11 | C10: =COUNTIFS('DSA Checklist'!B123:B133,A10,'DSA Checklist'!D123:D133,"Yes") -> 0 | D10: =IFERROR(C10/B10,0) -> 0 | E10: =COUNTIFS('DSA Checklist'!B123:B133,A10,'DSA Checklist'!F123:F133,"Yes") -> 0
A11: Sliding Window & Two Pointer | B11: =COUNTIF('DSA Checklist'!B134:B143,A11) -> 10 | C11: =COUNTIFS('DSA Checklist'!B134:B143,A11,'DSA Checklist'!D134:D143,"Yes") -> 0 | D11: =IFERROR(C11/B11,0) -> 0 | E11: =COUNTIFS('DSA Checklist'!B134:B143,A11,'DSA Checklist'!F134:F143,"Yes") -> 0
A12: Stack and Queue | B12: =COUNTIF('DSA Checklist'!B144:B165,A12) -> 22 | C12: =COUNTIFS('DSA Checklist'!B144:B165,A12,'DSA Checklist'!D144:D165,"Yes") -> 0 | D12: =IFERROR(C12/B12,0) -> 0 | E12: =COUNTIFS('DSA Checklist'!B144:B165,A12,'DSA Checklist'!F144:F165,"Yes") -> 0
A13: Binary Trees | B13: =COUNTIF('DSA Checklist'!B166:B195,A13) -> 30 | C13: =COUNTIFS('DSA Checklist'!B166:B195,A13,'DSA Checklist'!D166:D195,"Yes") -> 0 | D13: =IFERROR(C13/B13,0) -> 0 | E13: =COUNTIFS('DSA Checklist'!B166:B195,A13,'DSA Checklist'!F166:F195,"Yes") -> 0
A14: Binary Search Trees | B14: =COUNTIF('DSA Checklist'!B196:B209,A14) -> 14 | C14: =COUNTIFS('DSA Checklist'!B196:B209,A14,'DSA Checklist'!D196:D209,"Yes") -> 0 | D14: =IFERROR(C14/B14,0) -> 0 | E14: =COUNTIFS('DSA Checklist'!B196:B209,A14,'DSA Checklist'!F196:F209,"Yes") -> 0
A15: Heaps | B15: =COUNTIF('DSA Checklist'!B210:B219,A15) -> 10 | C15: =COUNTIFS('DSA Checklist'!B210:B219,A15,'DSA Checklist'!D210:D219,"Yes") -> 0 | D15: =IFERROR(C15/B15,0) -> 0 | E15: =COUNTIFS('DSA Checklist'!B210:B219,A15,'DSA Checklist'!F210:F219,"Yes") -> 0
A16: Graphs | B16: =COUNTIF('DSA Checklist'!B220:B263,A16) -> 44 | C16: =COUNTIFS('DSA Checklist'!B220:B263,A16,'DSA Checklist'!D220:D263,"Yes") -> 0 | D16: =IFERROR(C16/B16,0) -> 0 | E16: =COUNTIFS('DSA Checklist'!B220:B263,A16,'DSA Checklist'!F220:F263,"Yes") -> 0
A17: Dynamic Programming | B17: =COUNTIF('DSA Checklist'!B264:B310,A17) -> 47 | C17: =COUNTIFS('DSA Checklist'!B264:B310,A17,'DSA Checklist'!D264:D310,"Yes") -> 0 | D17: =IFERROR(C17/B17,0) -> 0 | E17: =COUNTIFS('DSA Checklist'!B264:B310,A17,'DSA Checklist'!F264:F310,"Yes") -> 0
A18: Tries | B18: =COUNTIF('DSA Checklist'!B311:B316,A18) -> 6 | C18: =COUNTIFS('DSA Checklist'!B311:B316,A18,'DSA Checklist'!D311:D316,"Yes") -> 0 | D18: =IFERROR(C18/B18,0) -> 0 | E18: =COUNTIFS('DSA Checklist'!B311:B316,A18,'DSA Checklist'!F311:F316,"Yes") -> 0
A19: Strings & Advanced Algorithms | B19: =COUNTIF('DSA Checklist'!B317:B324,A19) -> 8 | C19: =COUNTIFS('DSA Checklist'!B317:B324,A19,'DSA Checklist'!D317:D324,"Yes") -> 0 | D19: =IFERROR(C19/B19,0) -> 0 | E19: =COUNTIFS('DSA Checklist'!B317:B324,A19,'DSA Checklist'!F317:F324,"Yes") -> 0
A20: Maths | B20: =COUNTIF('DSA Checklist'!B325:B327,A20) -> 3 | C20: =COUNTIFS('DSA Checklist'!B325:B327,A20,'DSA Checklist'!D325:D327,"Yes") -> 0 | D20: =IFERROR(C20/B20,0) -> 0 | E20: =COUNTIFS('DSA Checklist'!B325:B327,A20,'DSA Checklist'!F325:F327,"Yes") -> 0
A21: TOTAL | B21: =SUM(B5:B20) -> 326 | C21: =SUM(C5:C20) -> 0 | D21: =IFERROR(C21/B21,0) -> 0 | E21: =SUM(E5:E20) -> 0
A23: How to use:
A24: • Set 'Completed' to Yes/No via the dropdown in column D of the DSA Checklist sheet.
A25: • Increase 'Revision Count' each time you re-solve a problem.
A26: • Set 'Revisit' to Yes to flag problems you want to revise again.
A27: • 'Solve on LeetCode' / 'Solve on GfG' open a live search for that problem name — exact problem pages vary by platform, so this dashboard links to a search instead of a guessed URL.
A28: • This dashboard updates automatically as you fill in the checklist.
